aba,mat
abadzivɔ,bedsheet
abadzivɔwo,bedsheets
abaɖonuwo,bedding
abati,bed
abatiwo,beds
ŋdi,morning
 ŋdɔ,noon
 Ɣetrɔ,afternoon
Fiẽ ,evening
 Zã,night
Dadavi ,young lady
Dagã ,elder sister
Dada,elder sister
Dada ,mother
 Fofovi ,young man
Fofo,elder brother
Fofo, father
Aƒetɔ ,Mister
Aƒenɔ, Madam
Aƒenɔvi, Miss
Tɔgbui ,grandfather
Tɔgbui ,old man
Tɔgbui ,chief of a village
Mama ,grandmother
aƒemetɔwo,house's member
aƒeme,house
nyuie,well
nyuie,fine
Dzoɖa ,Monday
Blaɖa,Tuesday
Kuɖa,Wednesday
Yawoɖa ,Thursday
Fiɖa ,Friday
Memleɖa,Saturday
Kɔsiɖa ,Sunday
ŋkɔ ,name
lɔ̃lɔ̃nudɔwɔla ,Volunteer
Fika ,where
AFika ,where
Sukuvi,pupil
Sukuvi,Student
Agbledela ,farmer
Nufiala,teacher
tsitsa,teacher
Asitsala,trader
nudzrala ,seller
Đɔkita,nurse
Đɔkita,doctor
Dreva,driver
Kapiŋta ,carpenter
Klake,clerk
 Dɔkplavi ,apprentice
Tela,tailor
Dɔdzikpɔla ,director
Dɔdzikpɔla ,manager
Xɔlɔ̃ ,friend
Srɔ̃tɔ,married
Ahiãvi,boy friend
Ahiãvi ,girl friend
Trenɔ ,single
ŋugbetɔsrɔ̃ ,fiancée
Yeye ,new
Xoxo ,old
Du ,town
Du ,country
 Amegbɔnɔvi,maid
Aƒemedɔwɔla,housewife
Togotɔ,Togoles
Amerikatɔ ,American
Benintɔ ,Beninese
 Afrikatɔ ,African
ƒome ,Family
Dzila ,Parent
Tɔ ,Father
Nɔ ,Mother
Vi,Child
Nɔvi,Sibling
 Srɔ̃ ,spouse
Srɔ̃  ŋutsu,Husband
Srɔ̃ nyɔnu,wife
ŋutsu , man
Nyɔnu  ,woman
Ɖevi ,Child
Tɔgbe yɔvi ,Grandson
Tɔgbe yɔvi ,granddaughter
Afɔkpa ,Shoes
Afɔkpa,sandals
Tɔtsi ,flash light
Tɔtsikpé ,battery
Aɖzale,soap
aɖi ,soap
Kuku ,hat
Exa,
xa,broom
Akutsa ,sponge
Tɔka ,bucket
Kpɔnɔ, bread
Súklì ,sugar
Edze, salt
Atádí ,pepper
Timáti ,tomato
Sabala ,onion
Atɔtɔ ,pineapple
Akɔɖú, banana
Aɖibà ,papaya
ŋutí, orange
Péya ,avocado
Avɔ, loin cloth
 Nú ,thing 
Núɖuɖu, Food
Akple ,Dough
Mɔlu, rice
Ete ,Yam
Agbeli ,Cassava
Ayo, Garlic
 Atiŋkali, Black pepper
Atadi ,Hot pepper
Amì ,Oil
lɔ̃ ,accept
afɔku,accident
veve,ache
tso me,accross
wɔ,act
wɔ,behave
nuwɔwɔ,action
yi ŋgɔ,advance
aɖaŋu,advice
megbe,after
emegbe,after
ɣetrɔme,afternoon
ke,again
ƒexɔxɔ,age
yameυu,airplane
blibo,all
katã,all
ɖeka,alone
Xoxo ,already
hã,also
togbɔ be,although
ɣesiayi,always
gasiagame,always
blematɔ,ancestor
eye,and
bubu,another
ŋuɖoɖo,answer
ɖewo,any
nusianu,anything
ɖe,any
dze,appear
abe,approximate
abɔ,arm
foxla,around
abe…ene,as
va,arrive
gbegblẽ ,bad
kotoku,bag
 golo,bag
 akpete ,bag
bɔl ,ball
akɔɖu ,banana
gadzraɖoƒe ,bank
ɖakpala ,barber
kusi ,basket
tsileƒe ,bathroom
tɔtsikpe ,battery
ƒuta ,beach
ƒo,beat
nyakpɔkpɔ ,beautiful
trɔzu ,become
zu ,become
elabena ,because
abati ,bed
xɔdɔme ,bedroom
biya ,beer
dze…gɔme ,begin
megbe,behind
godo ,behind
xɔse,believe
 xɔdzise,believe
bℇlℇti,belt
alidziblanu ,belt
dodome,between
 titina ,between
lolo ,big
xe,bird
xevi ,bird
ɖu ,bite
yibɔ,black
υu ,blood
blɔ ,blue
tɔdziυu ,boat
agbalẽ ,book
atukpa ,bottle
aɖaka,box
ŋutsuvi,boy
subɔla ,boy
ŋe,break
gbã ,break
tɔdzisasra,bridge
ana ,bridge
tɔdzo,burn
 bidzo ,burn
dɔwɔƒe ,bureau
gake ,but
ƒle ,buy
yɔ ,call
aklo,canoe
υu ,car
atikpala,carpenter
 kapiŋta ,carpenter
dronu ,carry
le ,catch
simiti ,cement
titina,center
dodome ,center
zikpui ,chair
ɖɔli,change
ɖo dze,chat
ka aseŋu ,chat
fia,chief
 amegã ,chief
tia ,choose
gbedoxɔ ,church
siga ,cigarette
du gã ,city
sukuxɔme ,classroom
dzadze,clean
kɔkoe ,clean
kɔ,clea
tu ,close
avɔ ,cloth
awudodo,clothes
awu ,clothes
yovone ,coconut
va,come
ɖikokoe,comic
fa konyi ,complain
fa akɔna ,console
yi dzi ,continue
bli ,corn
xɔ asi ,cost
do ɣli ,cry
tso ,cut
ɖu ɣe,dance
yibɔ ,dark
vinyɔnuvi,daughter
ŋkeke,day
kuku,dead
eku ,dead
globo ,deep
goglo,deep
kuɖe… ŋu ,depend
tovovo ,differ
vovovo ,different
sesẽ,difficult
seŋu ,difficult
dɔlele ,disease
agba ,dish
ma nu ,distribute
wɔ ,do
atikewɔla,doctor
ɖɔkita ,doctor
dɔyɔla,doctor
avu,dog
υɔtru,door
ta nu ,draw
ƒuƒu ,dry
kudrɔℇ ,dream
atike,drug
dɔdeasi ,duty
ɖesiaɖe ,each
to,ear
kaba,early
anyigba ,earth
ɣedzeƒe,east
agbagbadzedze ,effort
azi ,egg
ƒuƒlu,empty
 gbɔlo ,empty
dedziƒo ,encourage
nuwuwu,end
futɔ,enemy
ketɔ ,enemy
kpɔdzidzɔ,enjoy
fiẽ,evening
fiẽsi ,evening
amesiame ,everybody
nusianu,everything
afisiafi ,everywhere
negbe ,except
tɔxɛ ,extra
ŋku ,eye
Eye ,And 
Yehowa ,Jehovah 
gblɔ ,said 
na ,to 
Abram ,Aʹbram 
Ʋu ,Go_out
le ,from 
mia ,your 
de ,land 
eye ,and 
nàdzo ,away 
le ,from 
wò ,your 
ƒometɔwo ,relatives 
kple ,and 
gbɔ ,from 
ƒeme ,house
fofowò ,father
ŋkume ,face
dze anyi,fall
ge ,fall
xɔŋkɔ ,famous
didi ,far
agble,farm
 kɔƒe ,farm
agbledela ,farmer
kaba,fast
ŋkekenyuie,festival
ɖewo,few
viɖe ,few
agble,field
dzo,fire
gbã,first
gbãtɔ ,first
seƒoƒo,flower
nuɖuɖu,food
ŋusẽ ,force
amedzro ,foreigner
ave,forest
ŋlɔ nube ,forget
gaflo ,fork
ŋgɔgbe ,forward
tɔ,fry
yɔyɔ,full
blibo ,full
fefe,game
ami dzraƒe ,gas station
abɔ,garden
agbo ,gate
ƒoƒu,gather
xɔ,get
nunana ,gift
nyɔnuvi ,girl
na,give
 tsɔna ,give
kɔpo ,glass
Mawu,god
sika ,gold
dziɖuɖu,government
dama,green
 gbemumu ,green
anyigba ,ground
azi ,groundnut
tsi,grow
amedzro,guest
kplɔ ame,guide
 kplɔla ,guide
te ,yam
ŋutiɖiɖi ,yellow
etsɔ,yesterday
haɖeo ,yet
nutome ,zone
nanekeo,zero
 gbɔlo ,zero
lala,wait
tɔte ,wait
nyɔ,wake up
zɔ̃ ,walk
kla ame ,warn
nya nu ,wash
tsi,water
woezɔ,welcome
 dodzaa ,welcome
vudo,well
keke,wide
 lolo ,wide
ya ,wind
eya ,wind
fesre,window
kple,with
dɔwɔwɔ,work
dɔ ,work
ŋlɔ̃  nu ,write
si abɔta ,vaccinate
lɔ̃lɔ̃nutɔ ,volunteer
abɔta ,vaccin 
vaseɖe ,until
sukukɔkɔ ,university
kplɔ, table
nuƒoƒo,talk
kɔkɔ,tall
dodokpɔ,test
wu,than
tete ,then
emegbe,then
da akpe ,thank
afima ,there
etɔlia,third
to me,through
 to dzi ,through
da ,throw
ale,thus
aɖu ,tooth
zɔ mɔ,travel
yi mɔdzi ,travel
ati,tree
kotoku ,sack
dedie,safe
fetu ,salary
gblɔ ,say
do ɣli ,scream
nɔƒe ,seat
anyinɔƒe ,seat
kpɔ,see
kla ,separate
ma ,share
kpui ,short
fia,show
 ɖe nu fia ,show
le dɔ ,sick
akpa ,side
ax ,side
dzesi ,sign
tso,since
nɔ anyi ,sit
blewu ,slow
suℇ ,small
afɔwui,sock
dziehe ,south
ƒo nu,speak
 gblɔnya ,speak
ƒu tsi ,swim
tsi dza,rain
tsidzadza ,rain
nyi,raise
de,reach
xlẽ ,read
le klalo,ready
sɔgbe,ready
xɔ ,receive
babiã ,red
dzẽ,red
amebubu,respect
  bu ame ,respect
gbɔdeme ,rest
dzudzɔ,rest
gbugbɔva ,return
trɔva ,return
ɖiɖi,ripe
ka ,rope
aŋe,rubber
ƒu  du,run
si du ,run
fianyɔnu,queen
fiasrɔ̃,queen
biabia ,question
kabakaba,quickly
ziɖoɖoe,quiet
fafe ,quiet
bla nu,pack
do agba ,pack
nubabla,package
veve,pain
fukpekpe ,pain
atawui ,pants
aɖiba,papaya
pepa ,paper
agbalẽ,paper
dzila ,parent
azã,party
nusi vayi,past
 xoxotɔ ,past
tu fe ,pay
xefe,pay
ŋutifafa,peace
ɣeyiyi,period
 ŋɔli ,period
  na mɔ ,permit
ɖe mɔ,permit
amewo,people
dukɔ ,people
ɖewohῖ,perhaps
ame ,person
nɔnɔmetata ,picture
akpa ,piece
kakɛ,piece
kɔziɔɛ ,pillow
suɖui,pillow
atɔtɔ ,pineapple
ɖɔ adudɔ ,piss
nɔƒe,place
 teƒe,place
 ƒa,plant
do,plant
abladzo ,plantain
agba ,plate
 agbeɖuɖu ,pleasure
dzidzɔ,pleasure
kpovitɔ,policeman
 dahe ,poor
hiãtɔ,poor
posu,post office
ze ,pot
ŋusẽ,power
 kalẽ ,power
kafu,praise
lɔ ,prefer
funɔ ,pregnant
dzra ɖo ,prepare
tatɔ,president
dukplɔla ,president
nyuie,pretty
dzanyi ,pretty
xe mɔ na,prevent
osɔfo,priest
fada,priest
viɖe ,profit
ŋgɔyiyi,progress
ŋugbedodo ,promise
do ŋugbe ,promise
fiakɔtee ,prove
tohehe,punishment
tameɖoɖo,purpose
ƒu,ocean
 atsiaƒu ,ocean
hiã ,offer
vevie,offer
 dɔwɔxɔ,office
dɔwɔƒe,office
 edziedzi,often
enuenu,often
xoxo ,old
 tsitsi ,old
zi ɖeka,once
 gbe ɖeka ,once
υu,open
susu ,opininion
tamesusu ,opininion
alo ,or
ɖoɖo ,order
bubu ,other
dukɔ,nation
dumevinyenye,nationality
dzɔdzɔme ,nature
gogo ,near
kloe,nearly
vevie,necessary
 hiã ,necessary
kɔ,neck
υuɖome ,neck
hahiã,need
hiã ,need
aƒelika,neighbor
 kpɔ o,never
gbeɖe o,never
yeye ,new
nyadzɔdzɔ,news
zã ,night
aƒa,noise
ɖeke o ,none
ŋdɔ ,noon
anyiehe ,north
ŋɔti ,nose
naneke o ,nothing
gbeƒãɖeɖe,notice
 kaklã ,notice
fifia,now
fifila ,now
xexleme,number
mɔ ,machine
atiketsi,malaria
ŋutsu,male
 atsu ,male
agbeli,manioc
  nuwɔna ,manner
nɔnɔme,manner
geɖewo ,many
dzesi,mark
 dzesinu ,mark
ɖewohῖ ,maybe
gɔmeɖeɖe,meaning
gbede ,mechanic
atike,medecine
takpekpe ,meeting
asitsala,merchant
akpe ,million
nukunu ,miracle
aƒuƒui,mirror
ɣleti,month
 dzinu ,month
ɣleti ,moon
mu ,mosquito
to,montain
nu,mouth
dɔwɔwɔ ,labor
agbagbadzedze ,labor
atrakpui ,ladder
anyigba ,land
  gbegbɔgblɔ,language
gbe,language
mamlɛtɔ,last
tsi megbe ,late
konu ,laugh
se ,law
sedede ,law
kplɔ ,lead
ŋgɔnɔla,leader
 kplɔla ,leader
srɔ nu ,learn
dzo ,leave
ata,leg
didime,length
agbalẽ ,letter
 leta ,letter
aυatso,lie
alakpa ,lie
agbenɔnɔ ,life
agbe,life
fli,line
ɖo to,listen
suℇ,little
 viɖe ,little
didi,long
kpɔ ,look
bu,lose
dzɔgbenyuie ,luck
 aklama ,luck
safui,key
wu,kill
agbadroƒe,kilometer
fia ,king
dzodoƒe ,kichen
nudaƒe ,kichen
klo,knee
hℇ ,knife
dze si ,know
nya nui ,know
dɔ,job
wɔ ɖeka kple ,join
fefe ,joke
mɔzɔzɔ ,journey
dzidzɔ ,joy
tikpo,jump
dzɔdzɔenyenye ,justice
susu,idea
  tamesusu ,idea
ne,if
nenye be ,if
enumake ,immediately
vevie,important
nudzodzoe ,insect
dzikpɔla,inspector
  nunɔla ,inspector
dɔwɔnu ,instrument
vivi ,interesting
 yɔ ame va ,invite
kpe ame,invite
gakpo ,iron
awuliga ,iron
nusi ma ame ,habit
eɖa,hair
fu ,hair
afã ,half
asi ,hand
dze ɖeka ,handsome
va me ,happen
dzɔ,happen
dzidzɔ,happiness
seŋu ,hard
sesẽ,hard
lãmese,health
sesie ,healthy
ɖo to ,hear
se,hear
dzi,heart
 kpekpe,heavy
 lolo ,heavy
kpe,heavy
kɔkɔme ,height
kɔkɔ ,high
mɔgã ,highway
ŋutinya,history
do ,hole
anukwaretɔ,honest
nyateƒetɔ ,honest
adela ,hunter
Nu Kae,What
wò,You
ale si,how
hawòtiwo,peers
gblɔ,say
lãmesẽ,health
Biblia,Bible
Timoteo,Timothy
be,that
dea,contribute
Ŋutsuvi,Young man
ŋkɔe,name
aɖe,some
nɔa ,stay
afɔte,active
fefewo,games
ɖokuidziɖuɖu,self-discipline
kpakple,and
srɔ̃a,learn
kpɔɖeŋu,illustration
vevi,important
fianu,teach
Duƒula,runners
ʋliʋli,competition
ƒu du,to run
gake,but
ɖeka,only
xɔa,receives
xɔ,to receive
dziɖuɖufetu,prize
dziɖuɖu,victory
Eye,then
Ame sia ame,everyone
hoʋiʋli,contest
ɖua eɖokui,self-control
nuwo,things
hawòti,peer
nu,thing
katã,all
Nufiame,point
Ebia,ask
sewo,rules
Ðetugbui,teenager
lɔ̃ ɖe,agrees
kpe ɖe,help
ale si,how
aduadu,cooperate
maɖo dze,communicate
amewo,others
kple,with
xɔlɔ̃wɔwɔ,friendships
xɔlɔ̃,friend
Fefe,game
amewo,people
ƒoa ƒu,together
dzidzɔdoname,having fun
xɔlɔ̃wo,friends
míefe fefe,playing
ƒomevi,type
Yehowa,Jehovah
doa ame kpɔna,examines
dzɔdzɔe,righteous
ame vɔ̃ɖi,wicked
eléa fu,hates
amesiame,anyone
ŋutasẽnuwɔwɔ,violence
lɔ̃a,loves
Ŋutasẽnuwo,violent
aɖewo,some
ɖetugbui,young woman
Kɔdada,boxing
taɖodzinu,point
woaƒo ame,to beat up
Kristotɔwo,Christians
modzakae,entertainment
Bu,think
eŋu kpɔ,about
adã,violent
ɖo ŋku,remember
Psalmo,Psalm
léa fu,disapprove
ewɔm,practices
ame,person
naneke,nothing
ɖokuibɔbɔ,humility
dzrehehe,contentiousness
ke boŋ,but
bubuwo,others
Filipitɔwo,Philippians
nyateƒe,truth
hatsotso,teams
hoʋiʋli,competition
maɖu-dzi-godoo,win-at-all-costs
nɔnɔme,attitude
Sɔhɛ,teenager
dɔ wɔm,to work
tso,on
kwasiɖa,week
nu vevi,injuries
ɖokuiwò,yourself
bia,ask
Eya ta,so
Ɣeyiɣi,time
vevie,important
wu,more
Ele be,You need
nàɖo,to set
nu vevitɔwo,priorities
mawusubɔsubɔ,spiritual things
gbãtɔ,first
nɔƒe,position
nɔƒe,place
nu siwo,things
aɖewo,Most
gaƒoƒo,hour
gaƒoƒo,time
geɖe,several
ekpɔm,watching
alo,or
nɔnye,my mom
nye,my
nɔ,mom
zãna,spend
zã,use
kɔ,pour
dze,salt
gbogbo,huge
nuɖuɖu,food
ame aɖe,someone
dziwòlawo,parents
aɖaŋu,advice
ku ɖe,about
ɖoa to ,listen
nɔvinyewo,siblings
nɔvinyewo,brothers
Ne,when
axe fe,pay
ame kae,who
Fefewɔlaawo,players
Fefewɔlaa,player
dɔwɔɖui,job
sukudɔdeasiwo,homework
míaƒe,our
etsɔme,future
mia,ourselves
dada,mom
agbe,life
me,in
dzidzɔ,happiness
dzidzɔ,happy
bliboa,overall
ɖu dzi,to win
dzɔa dzi,like
dzɔa dzi,love
AGBALẼDZRAƉOƑE,Library
Nufiafiawo,Teachings
Ŋuɖoɖowo,Answers
 Dɔwɔnuwo,Tools
Dzidzɔkpɔkpɔ,happiness
Ŋutifafa,peace
Srɔ̃ɖeɖe,marriage
Ƒomegbenɔnɔ,family
Sɔhɛwo,teenagers
Ðeviwo,children
XɔSe,faith
Ŋutinya,history
Dzɔdzɔmeŋutinunya ,science
Agbalẽwo ,books
Biblia,Bible
Magazinewo,magazines
Kpekpe,Meeting
Nusrɔ̃gbalẽ,workbook
Fiaɖuƒe ,kingdom
Subɔsubɔdɔ,Ministry
Hawo,Music
 Nyakakadɔwɔƒe,Broadcasting
Nyadzɔdzɔwo,News
Kpekpewo,Meetings
Ŋkuɖodzi,memorial
Takpekpewo,conventions
Dɔwɔnawo,activities
Nuteƒekpɔkpɔwo,Experience
 Tsaɖiɖi,tours
 Kaba,quick
EMENYAWO,contents
TOTOƉEME,outline
ɣetoɖoƒe,west
Ʋɔnudrɔ̃lawo,Judges
Ʋɔnudrɔ̃la,Judge
Fiawo,Kings
Konyifahawo,Lamentations
ŋutega,vision
eveliae,second
Eneliae,fourth
Adeliae,sixth
atɔ̃liae,fifth
etɔ̃liae,third
Lotamekpe,diamond
Ŋkeke,day
Mamlɛawo,last
Mamlɛ,last
Dzesi,sign
nɔnɔme,condition
nudzɔdzɔ,event
nuwuwu,end
xexea,world
nuwuɣi,end times
Nyagblɔɖi,prophecies
Aʋawɔwɔ,war
Dɔwuame,famine
Nyaɖeɖefia,revelation
Anyigbaʋuʋu,earthquakes
gãwo,Greats
Dɔvɔ̃wo,pestilences
Dɔvɔ̃wo,epidemics
dzidziɖedzi,increase
anyigba,earthquakes
Amewo,people
nɔnɔme,attitude
madakpewo,unthankful
mawɔnuteƒewo,disloyal
ameŋugblẽlawo,slanderers
ɖoɖo,agreement
wɔadãwo,fierce
yomemɔfialawo,betrayers
totrilawo,headstrong
gbagbãm,breakdown
alakpanuwɔwɔwo,hypocrisy
Subɔsubɔhawo,religious
gɔmesese,understanding
Gbeƒãɖeɖe,preaching
Fiaɖuƒe,kingdom
nyuia,good
kpeɖodzi,evidence
Ɛ̃,yes
ɣeyiɣikɔntabubuwo,chronology
dziƒo,heaven
amegbetɔwo,mankind
nuwɔna,actions
Xɔse,faith
Susuŋutinunyala,Brain Pathologist
NUFIALAGÃ,PROFESSOR
Yunivɛsiti,university
srɔ̃m,studied
susu,Brain 
ƒe,year
emegbe,later
trɔ,changed
susu,views
Nyɔ,awake
bia,asked
dɔa,work
ŋu,about
eƒe,his
Míeɖe kuku,please
Indiatɔe,indian
Hindutɔwo,hindu
koŋue,customs
evelia,second
etɔ̃e,three
Míenɔ,We lived
le,in
dzɔdzɔmeŋutinunya,science
geɖewo,many
nɔ,lived
Lãwo,animals
xɔ̃nyewo,friends
nye,I
míakpɔ,to see
asinudɔsrɔ̃suku,technical college
medo,graduating
meyi,i went
dɔlékuiwo,pathology
ahɔhɔ̃ ,brain
sukunusɔsrɔ̃wo,studies
wò,your
Ðe ,did
dzixɔsewo,beliefs
nyakpakpawo,mythology
kɔnuwo,traditions
subɔsubɔ,worship
nɔnɔmetɔtrɔ,evolution
nèxɔ,you accept
nufiafia,teaching
Azɔ hã,also
nufialawo,teachers
nufialagãwo,professors
na,gave
mí,us
sukuviawo,students
dzɔdzɔmeŋutinunyala,scientists
katã,all
ɣeyiɣiawo,times
ɣeyiɣi,time
agbe,life
Nu ka tae,why
wɔwɔme,anatomy
woƒe,their
aɖewo,some
esi,when
Ðasefoawo,witnesses
Ðasefo,witness
takpekpe,assembly
le,at
míaƒe,our
takpexɔ,hall
mede,I attended
dutanyanyuigblɔlawo,missionaries
dutanyanyuigblɔla,missionary
ŋuɖoɖowo,Answers
kpɔɖeŋu,example
Àte,can
tso,since
nyatakaka,information
tso,comes
siwo,that
godo,outside
ametia,body
ahɔhɔ̃menugbagbeviwo,neurons
míaƒe,our
biliɔn,billions
xexlẽme,number
sentimeta,centimeters
ʋɛ,few
seselelãmewo,emotions
Le,for
Fugboeŋutinunyala,embryologist
fugboewo,embryo
nusrɔ̃ƒe,research
Taiwantɔwo,Taiwan
Tsã,once
amedzɔtsolãme,evolution
ɖokuiwò,yourself
vie,little
Wodzim,I was born
Togbɔ be,although
nɔnɔmewɔwɔwo,images
Wɔla,Creator
aƒemelãwo,pets
Ɣemaɣi la,at the time
agblɔ,you tell
fia,taught
Mexɔ,I believed
woƒe,their
Taɖodzinu,motivation
Gbã,first
mesusuna,I reasoned
be,that
subɔna,worship
menya,I knew
asixɔxɔe,respected
Katolikotɔwo,Catholic
sɔlemeha,church
nunɔla,priest
mase,understand
egbe,he declined
Ke,so
aleke,how
esime,while
mekpɔtɔ,I was still
Chinagbe,chinese
ŋkuwo,eyes
kpɔm,saw me
ʋukɔe,embryo
hakpanya,poetic
mɔfiame,instructions
vavã,true
numekuku,research
Taɖodzinu,goal
nyateƒea,truth
mɔ̃ɖaŋudɔwɔlawo,engineers
bliboa,process
Lãmenugbagbeviawo,cells
gaƒoƒo,hour
Mɔ̃ɖaŋudɔwɔla,engineer
drɔ̃e,dreams
lɔlɔ̃ ,love
Yesu,Jesus
Kristo,Christ
nusrɔ̃lawo,disciples
Ameŋkumemakpɔmakpɔ,impartiality
dekɔnu,culture
ŋutigbalẽ,skin
Ayiku,Kidney
Ayikudɔdala,Kidney Specialist
ayikudɔ,kidney disease
ɖevimenɔɣi,childhood
asieke,nine
míaƒe,My
Dzinyelawo,parents
ɖɔktasuku,medical school
dɔnɔwo,patients
ʋumenugbagbevi, blood cells
ƒu,bones
ame aɖeke,nobody
ŋɔdzinuwɔlawo,terrorist
zazɛ̃nyahelawo,extremism
Mawusubɔla,religious
afɔku,danger
ŋutifafamewo,peaceful
Ðewohĩ,perhaps
xexlẽ,reading
ɖɔkta,doctor
Ao,No
koe,only
ɔksidzin,oxygen
ʋu,blood
kɔkɔ,high
nuku,wonder
ewo,ten
hafi,before
wɔnuku,elegant
vovo,differnt
Aɖaŋuɖoɖo,advice
amegbetɔwo,human
ŋutɔŋutɔe,real
Esi,since
agbalẽwo,publications
numekugbalẽwo,encyclopedias
nyabiase,questions
ŋutinya,history
Mlɔeba,finally
ɣeyiɣi,time
dometɔ,among
Artaxsasta,Artaxerxes
abe,as
Kɔmpiutadziɖoɖoŋlɔla,Software Designer
Atɔmikŋusẽ,Atomic Energy
gogo,near
Suku,Institute
dɔwɔɖui,career
mawudzimaxɔsela,atheist
fifia,now
Nutoa,province
dukɔa,country
mɔdodoɖaŋunyala,civil engineer
ketekemɔ,railway
gbedada,wilderness
gɔmedze,elementary
kɔƒedu,village
ahedada,poverty
Nutoa,district
nuɖuɖu,food
miaƒe,your
dunyahehe,politics
Buddhatɔe,Buddhist
akɔntabubu,mathematics
ŋgɔnɔla,leader
ɖaseɖigbalẽ,degree
Amerikatɔ ,american
medzudzɔ,stopped
nyaa,subject
dzɔdzɔmeŋusẽŋununya,physics
akɔntanyala,mathematician
amenyinu,protein
naneke,anything
kpeɖodziawo,facts
mɔfiamewo,principles
Vivivi,progressively
xexea,nature
Fifia,currently
kɔmpiutadziɖoɖowo,software
ŋutete,ability
gbeɖiɖiwo,speech
sea,understand
hoowɔwɔ,noise
deŋgɔwo,complex
kɔmpiuta,computers
gbegbɔgblɔ,accents
Dzɔdzɔmeŋusẽŋununyala,physicist
dzɔdzɔmeŋusẽ,physics
mɔ̃ɖaŋununya,technology
sɔhɛme,youth
Tɔsisia,river
mɔlu,rice
tɔmelã,fish
anyigba,land
koklovi,chicken
koklozi,egg
ƒometɔwo,family
agbledede,farmwork
xɔtuɖaŋunyala,architect
tsitsitɔ,eldest
Nublanuitɔe,sadly
ku,died
kuna,died
wɔwɔme,structure
atɔm,atom
kekeli,light
dusisi,speed
keklẽŋusẽ,radiation
xexea,universe
Aleke,how
nyabiaseawo,questions
dzɔdzɔmenuwo,nature
tsitotsito,carefully
dzɔdzɔmeŋusẽ,thermodynamics
ɖoɖo,order
ŋusẽ,energy
gbeɖiɖixɔŋusẽwo,waves
Atiwo,plants
hiã,need
nudogoɖenunu,coincidence
Ʋɛʋɛʋɛ,gradually
atikewɔwɔ,pharmaceutical
Atitsogaʋa,crusades
Ŋutasẽʋɔnudɔdrɔ̃ ,inquisition
nɔnɔmetɔtrɔ,evolution
nusuekpɔmɔ̃m,microscope
fefenu ,toy
vevitɔ,favorite
nudzodzoevi,insects
kpakpaluʋui,butterflies
moya,strange
wɔ,seemed
ŋutɔ,really
bometsitsie,ridiculous
nukutɔe,surprise
fuflugba,delusion
xɔŋkɔ,eminent
lãmenugbagbevi,cell
yamenutowo,space
nyitsɔ,recently
gɔmedzedze,beginning
atikewo,medications
aɖinuwo,toxins
gbagbewo,living
wuwlui,Microscopic
aŋenuwo,plastic
tigi,tight
kpeƒewo,junctions
nuku,amazing
karbɔn-ya,carbon
ʋumesukli,glucose
kansadɔ,cancer
Protestanttɔ,Protestant
ŋgɔyiyi,advance
ɖedzesi,amazing
Mawunyakpukpui,scripture
kpeɖodzi,theory
dɔlélenutsiŋutete,immune system
Ŋutilãtakpɔnu,mechanism
hatsotso,group
aduadu,complementary
dɔlékuiwo,microbes
dzitodzito,breath
 aɖiɖɔtoe,urogenital
tututue,absolutely
ŋutilãtakpɔnuwo,immune
Nuxaxa,stress
Nugbagbesueŋutinunyala,microbiologist
kpeɖeŋutɔ,assistant
ha,pigs
amagbewo,vegetables
sesẽ,hard
Mawusubɔlawoe,religious
afã,half
mɔ̃ ,machines
Lãmetsiŋutinunyalagã,biochemistry
dɔwɔhatiwo,colleagues
ɖokuinye,myself
dahewo,poors
Lãmetsiŋutinunyala,biochemist
afɔkpawɔla,cobbler
Seƒoƒowo,flowers
Kura,No
fukpekpe,suffering
ku,death
ƒunukpeƒetetedɔ,rheumatoid arthritis
 kansa,cancer
bɔbɔe,easy
nunya,wisdom
 nunya,knowledge
Mlɔeba,eventually
dzɔtsoƒe,origin
kpekpeawo,Meetings
Aŋgbawo,leaves
anyigba,planet
sɔsrɔ̃ ,study
veviedodotɔe,careful
Yesaya,Isaiah
eɖiɖi,burial
Nukutɔe,remarkably
kesinɔtɔwo,wealthy
mɔfiamewo,guides
fakɔnamewo,comforting
akɔnta,statistics
akɔntasɔsrɔ̃ ,mathematics
Saŋkuƒola,pianist
haƒola,musician
saŋkuƒolawo,pianists
amegbetɔwo,humans
Haƒoha,orchestra
Saŋku,piano
Kuxi,challenge
asibidewo,fingers
alɔtsinuwo,wrists
ʋaʋã,movement
kɔtɛe,obvious
gbegbɔgblɔ,language
fũu,full
 gɔmedzedze,dawn
Paradiso,paradise
kpeɖodzi,evidence
tegbee,forever
Egbea,today
dzidzɔ,joy
kakaɖedzi,confidence
tufafa,tenderness
dzɔdzɔme,naturally
ɖiɖi,rhytm
Numeɖeɖe,explanation
suesuesue,smaller
gbedeasi,message
ameƒomevi,mankind
edzivɔwo,over
titri,thick
Numekulaawo,researchers
Nufuwo,Whiskers
Dadi,cat
Dɔ,function
vevietɔ,particularly
Lãmeka,nerve
lãkusi,tissues
lãmekaawo,nerves
zã,dark
Nuʋeʋẽ,smell
Avu,dog
ŋɔti,nose
avuwo,dogs
bɔmbwo,explosives
gativi,teaspoon
fa,wet
Yatoƒe,airways
elektrɔnikmɔ̃ ,electronic
SƆWO,horses
kpeƒetsiaka,muscle-tendon
afɔtiwo,legs
ƒoƒom,vibrate
kpeƒetsiakawo,tendon
adzawo,barnacles
Nutrenu,glue
agakpewo,rocks
meliwo,ships
tɔdzisasrãwo,piers
goŋgoŋ,tenaciously
sãsãsã,far
adzaa,barnacle
Ƒumelã,seashells
ƑUMEBƆBƆWO,mollusks
sesẽwo,tremendous
sesẽƒea,strongest
dzedzeme,structure
gbadzɛtɔ,bivalve
lɔbɔetɔ,spiral
atiwo,wood
Abosra,Cuttlefish
Amadedeawo,Chromatophores
Hawaiitɔwo,Hawaiian
vɔvɔli,shadow
Alɔ,arm
Bosrã,Octopus
kabakaba,agile
Dodokpɔ,tests
Ƒumeha,Dolphin
YAMEƲU,plane
aʋala,winglet
Ðaa,infinity
Nuwɔwɔwo,creations
Ŋusẽkatãtɔ,Almighty
Nuwokatãtaƒola,Supreme
amenyenye,personality
taɖodzinu,aim
taɖodzinuwo,goals
Ke boŋ,Rather
gbɔgbɔe,spirit
nuwuwu,end
lɔ̃ ,loves
 nufiafia,concept
masemase,misunderstanding
gaƒoƒo,hour
vovovowo,various
didime,period
ɣeyiɣi,time
akpe,thousands
ƒãa,Evidently
Britaintɔ,british
agbeŋutinunyala,biologist
bliboa,whole
Romatɔwo,Romans
etsɔme,future
ɣaɣla,hidden
gãtɔ,most
GƆMEDZEDZEA,beginning
Nɔnɔme,form
viviti,darkness
kekeli,light
ŊKEKE,day
alilikpoawo,clouds
vovototo,difference
alili,expanse
tsidzudzɔ,vapor
dometsotso,space
ƒuƒui,dry
miemiewo,vegetation
ETƆ̃LIA,third
Yame,atmosphere
ƒomevi,species
dziƒonu,heavenly
keklẽwo,luminaries
Ɣe,sun
ɣleti,moon
ATƆ̃LIA,fifth
ENELIA,fourth
dzodzoe,flying
godzilãwo,land animals
ADELIA,sixth
sueawo,small
gãwo,large
eve,couple
Xawa,Eve
nɔnɔmetɔtrɔ,evolution
Ɣletiviŋununyala,astronomer
Wɔnuku,Wonder
atɔmwo,atoms
Nɔnɔme,characteristic
tɔxɛ,unique
piramid,pyramid
adodoea,perfect
ɖeɖe,only
GRAFAIT,GRAPHITE
nuŋlɔti,pencils
Ɣletivi,star
Ɣletiviwo,stars
Nyatakaka,information
ŋlɔla,writer
Xotutu,mythology
sue,little
NUŊLƆÐI,WRITING
ŋutɔwoe,own
ɣletinyigba,extraterrestrial
yamenutowo,space
Kamedede,Exercise
ŋutilã,body
Alɔ̃dɔdɔ,sleep
ahasesẽ,alcohol
tsitsi,older
Tsri,avoid
Ɣeaɖewoɣi,sometimes
Mɔkpɔkpɔ,Hope
Kukuawo,dead
Nya,news
nɔvinyɔnu,sister
Betania,Bethany
nɔvinyɔnuwo,sisters
Xlẽ,read
Anyie,dust
míaƒe,us
akpa,part
tamesusuwo,thoughts
dzo,fire
funyafunya,torment
Ðe,Does
ƒãa,clearly
alakpa,false
Fuwɔwɔ,tormenting
Nɔnɔme,condition
Yeremiya,Jeremiah
mawudɔla,angels
vɔ̃ɖiwo,wicked
Paradisoa,paradise
tsitre,resurrected
yɔdowo,grave
tsitretsitsia,resurrection
amenuveve,kindness
NUMEKULAWO,researchers
VEVE,pain
nyuitɔ,best
aɖaŋuɖola,adviser
blema,ancient
aɖaŋuɖoɖowo,advices
Afɔku,Disaster
AGBALẼWO,PUBLICATIONS
Dzudzɔ,Smoke
ya,air
ɔfis,office
dziƒoxɔ,skyscraper
kɔkɔ,high
amedzidzedze,attack
tudada,shooting
nyadzɔdzɔgbalẽwo,news
hafi,before
dzɔɣi,during
dzadzraɖo,preparation
nuhiahiã,supplies
veviwo,emergency
,
kpuie,nearest
Ðewohĩ,Maybe
dɔwɔhatiwo,coworkers
atrakpuiawo,stairs
dzudzɔ,smoke
Gblẽ,Leave
gli,wall
xexe,outside
kpekpeɖeŋunadɔwɔlawo,rescuers
ahom,storm
ʋukuku,driving
tsimezɔzɔ,wading
Afɔku,dangers
meta,meter
tsiɖɔɖɔ,flood
dumegãwo,authorities
enumake,immediately
dzo,leave
geɖe,most
xɔ̃wòwo,friends
nanya,know
afi,where
Na,Let
yatoƒewo,ventilation
ʋɔtruwo,doors
fesrewo,windows
nyadzɔdzɔwo,news
Se,Listen
DEDIE​,safe
aɖaŋuɖoɖo,recommendations
siawo,following
ametakpɔnuwo,protective
Nɔnɔme,circumstances
Nɔnɔme,attitude
ga,money
lãmesẽ,health
nyateƒe,reality
ATIKE,MEDICINE
lododo,proverb
Dzi,heart
bubui,other
taɖodzinu,goal
susu,thoughts
dɔdzikpɔlaa,supervisor
vodada,errors
ŋutetewo,effort
gbeɖe,never
dɔ,job
kutri,hard
gbeɖegbeɖea,never
dɔtɔ,boss
akpa,aspects
vodada,mistakes
nyuie,better
ŋunye,me
dzidzedze,capable
dɔtɔ,employer
Blanuilédɔ,loneliness
eɖokui,herself
eɖokui,himself
Melɔ̃na,refuses
magblẽ,waste
ɖe,on
naneke,nothing
agbagba,effort
concerted,vevie
Sikasededea,Golden Rule
nyuiwɔwɔ,good
nyui,reward
xɔ̃wò,friend
ƒomedodo,relationships
Ðewohĩ,probably
xaxa,distress
ŋusẽ,strength
Dziɖeleameƒo,Pessimism
nɔnɔmea,situation
kpekpeɖeŋu,help
ɖevime,childhood
teƒe,place
yia,to
teƒe,place
Woʋuna,moved
dziɖeleameƒonuwo,downward
nɔnɔme,traits
nenema,way
mase,understand
madeamedziwo,negative
Efesotɔwo,Ephesians
tamesusu,mental
mawunyakpukpui,verse
sia,that
nɔnɔmewo,outlook
tɔtrɔwo,change
NYUIWO,POSITIVE
dzidzɔ,cheerful
ŋkekewo,days
tiatiaa,choice
nutete,tumor
nuƒoƒo,speech
yeƒe,his
Mɔ,way
etsɔme,long-term
dziɖeleameƒonuwo,discouraging
mɔxenu,roadblock
Srɔ̃ ,Learn
nunana,giving
wu,than
nuxɔxɔ,receiving
Dɔwɔwɔwo,Acts
dzidzɔ,satisfaction
Filipitɔwo,Philippians
nuhiahiãwo,needs
ŋutɔwo,own
míawo,our
nàƒã,sow
nanewo,certain
manyomanyowo,negative
Seselelãmewo,Emotional
DZIKU,ANGER
kalẽtɔ,mighty
nyitsɔ,Modern
nàɖu,control
gbɔdzɔgbɔdzɔ,weakness
gli,wall
ŋutɔŋutɔ,practical
Mɔ,way
AKPEDALA,GRATITUDE
akpedalawo,thankful
KPƆKPLƆYIƉEME,Preamble
KPEƉOƉZINYA,Declaration
ABLƆƉEVINYENYE,Rights
nuteƒewɔwɔ,justice
ŋutiƒaƒa,peace
ablɔɖemenɔnɔ,freedom
amegbetɔƒomea,human family
sɔsɔe,equal
Esi,Whereas
hlɔ̃nuwɔwɔ,barbarous acts
dzitsinya,conscience
ŋɔdzidodoname,fear
hiãkame,want
ameteteɖeto,tyranny
funyafunyawɔwɔ,oppression
aglãdzedze,rebellion
vevie,essential
xexemedukɔwo,nations
dome,between
kadodo,relations
Ƒoƒuawo,united
Xexeme Dukɔ,nations
hadomegbenɔnɔ,social
dukɔ,States
ŋkuléle,observance
takpɔkpɔ,realization
adzɔgbeɖeɖe,pledge
sia,this
bliboe,full
TAKPEKPEGÃ,General Assembl
habɔbɔ,organ
xexeame,society
Kpeɖodzinya,Declaration
Xɔɖeasinyigba,territories
Wodzi,are born
ablɔɖeviwoe,free
gomekpɔkpɔ,rights
bubu,dignity
Susu,reason
amesiame,Everyone
ablɔɖevinyenye,freedoms
vovototodeameme,distinction
dzɔtsoƒe,race
gbegbɔgblɔ,language
xɔsehamenɔnɔ,religion
dunyahehamenɔnɔ,political
ɖoƒe tɔxɛ,other status
Gawu la,Furthermore
manɔɖokuisi,independent
ablɔɖe,liberty
dedienɔnɔ,security
kluvie,slave
awɔbae,servitude
kluvinyenye,slavery
kluvisitsatsa,slave trade
funyafunya,torture
hlɔ̃nu,inhuman
afisiafi,everywhere
se,law
amegbetɔ,person
abe,as
sɔ,equal
taʋiʋli,protection
vovototomanɔmee,any discrimination
ʋɔnudrɔ̃ƒewo,tribunals
ɖɔɖɔɖowɔwɔ,remedy
dukplɔse,constitution
akpasesẽtɔe,arbitrary
gaxɔme,jail
dɔdeasiwo,obligations
hlɔ̃nya,criminal
adodoe,impartial
vodada,offence
agɔdzelae,guilty
gbetadukɔ,international
kadodonyawo,correspondence
liƒowo,borders
woadzo,leave
dukɔ,country
eƒe,his
Dumevinyenye,nationality
akpasesẽ,arbitrarily
dzrovinyenye,nationality
alo,or
mɔxenu,limitation
srɔ̃ɖeɖe,marriage
didi,consent
gɔmeɖokpe,fundamental
dzɔdzɔme,natural
amegbetɔƒomea,society
nunɔamesi,property
adzame,private
gaglãgbe,public
susuwɔwɔ,opinions
nyagbeƒãɖeɖe,informations
liƒowo,frontiers
akplamatsee,interference
Takpekpe,assembly
habɔbɔ,association
dziɖuɖu,government
ametiatia,chosen
akɔdada,election
kpekpeɖeŋu,service
dukɔmeviwo,people
ŋusẽ,authority
sɔti,basis
adzame,secret
akɔdada,voting
mɔnu,procedures
ɖekawɔwɔ,co-operation
hadomegbenɔnya,social
dekɔnunyawo,cultural
dumevi,citizen
tutuɖo,development
amemaxɔmaxɔ,unemployment
Fetu,pay
eya ŋutɔ,himself
dzidzemetɔe,worthy
gbɔɖemee,rest
mɔkeke,leisure
dzidzemetɔe,adequate
Agbenɔnɔ,living
nutata,clothing
xɔtutu,housing
atikenya,medical care
wɔametɔ,disability
beléle,care
tɔxɛ,special
kpekpeɖeŋu,assistance
hehe,education
hehexɔxɔ,education
femaxee,free
gɔmedzesukuwo,Elementary school
aɖaŋudɔwo,Technical
dɔwɔna,professional
bubudede,respect
nugɔmesese,understanding
dzidodo,tolerance
xɔlɔ̃wɔwɔ,friendship
dukɔwo,nations
xɔseha,religious groups
nuwɔnawo,activities
viwo,children
ƒomevi,kind
gomekpɔkpɔ,participation
aɖanudɔwɔnawo,arts
agbalẽŋɔŋlɔ,literary
hakpakpa,artistic
nutovɛ,material
blibo,fully
ŋgɔyidɔwo,development
amegbetɔnyenye,personality
dɔwɔwɔwo,exercises
sidzedze,recognition
tomefafa,morality
ameha,group
ya,but
ya,air
ya,wind
ya,gas
yaa,tasteless
yame,atmosphere
yame,weather
yameʋu,aeroplane
yameʋudzefe,airport
Yawoɖa,thursday
yayrá,blessing
yevú,european
yevú,white person
yevúte,potato
Yevúwode,Europe
yéye,new
yéye,fresh
yi,to go
yí,machet
yi nú dzí,to continue
yibɔ,black
yibɔɔ,black
yiyi,departure
yome,back
yome,behind
yòò,ok
yòò,alright
yɔ,to call
yɔ,to name
yɔ,to squeeze
yɔ nkume,unpleasant face 
yrá ame,to bless someone
yrɔ,to wither
zã,night
zã,in plenty
zã,in abundance
zã dó,night falls
zãtíƒè,midnight
ze,pot
zi, antelope
zi nenie,how many times
zi ɖoɖoé,to keep silent
zi etɔ gbe ɖeká,three times a day
zi gbãtɔ,first time
zi gbãtɔ,the first time
zi kpí,to refuse to speak
zikpui,seat
zikpui,stool
zɔ,to walk
zɔ mɔ,to travel
zɔ mɔ,to go on a journey
zɔ mɔ tó,to travel through
zɔzɔ,walking
zrɔ,to be smooth
zɔzrɔe,smooth
zu,to become
abati,bed
ablegɔ,chair
Ablotsi,Europe
ablɔ,street
Ablɔɖe,freedom
abolo,bread
abɔ,arm
abɔta,shoulder
ade,six
adela,hunter
adido,baobab
adre,seven
adzɔ,fee for services
adzɔ,duty on goods
adzɔnu,goods
adzɔnu,wares
aɖabaƒoƒo,second
aɖabaƒoƒo,twinkle of an eye
aɖaka,box
aɖuba,pawpaw
afã,half
afɔ,foot
afɔ,leg
afɔkpa,shoe
afɔkpa,sandal
afɔwui,socks
afɔwui,hose
afe,home
afe,hometown
afe,homeland
afi,here
afika,where
afima,there
Aƒenɔ,Mrs
Aƒenɔ,Lady
Aƒetɔ,Mr
Aƒetɔ,Sir
Aƒetɔ,Lord
agba,load
agbagbadzedze,endeavour
agbagbadzedze,achievement
agbalẽ,book
agbalẽ,paper
agbalẽ,letter
agbalẽxexlẽ,reader
agbalẽxexlẽ,reading
agbalẽxleƒe,library
agbalẽxleƒe,reading room
agbalẽxlela,reader
agbatsɔla,porter
agbatsɔla,carrier
agbatsɔʋu,lorry
agbatsɔʋu,truck
agbatsɔʋu,goods transport vehicle
agbe,life
agbeli,cassava
agbenɔnɔ,way of life
agble,farm
agbledede,farming
agbledeƒe, farming place
agbledela,farmer
agblekotoku,farmer's bag
agblemenu,crop
agblemenuku,farm product
agblemɔ,path leading to a farm
agblenu,hoe
agblexɔ,farm house
aha,alcoholic drink
ahom,storm
ahuhõe,mirror
akaɖi,lamp
aklɔ,spear
akɔnta,mathematics
akɔnta,calculation
akɔnta,to reckon
akɔta,chest
akpa,small fish
akpa,too
akpe,thousand
akpe,thanks
akploʋu,canoe
alafa,hundred
alẽ,sheep
ale,so
ale,and so
aleke,how
alẽkpɔ,sheep pen
ali,waist
ame,person
amebala,cheater
amedzro,stranger
amedzrodzeƒe,hotel
amedzrodzeƒe,motel
ameɖokuiwuwu,suicide
ameƒoƒe, beaten place
ameƒoƒo,beating
ameƒoƒo,flogging
ameha,crowd
ameka,who
amekpekpe,an invitee
amekuku,dead body
amekuku,dead person
amesi,whom
amesi ƒe,whose
amesiame,everybody
ametsitsi,elder
ametsitsi,old person
amewudzo,kill juju
ameyibɔ,black person
ameyibɔ,black race
Amu,Volta River
Amuta,Volta Lake
Anago,Yoruba
Anagonyigba,Yorubaland
anyiehe,north
anyigba,earth
anyigba,land
anyigba,country
anyikpe,brick
aŋgba,leaf
aŋuti,orange
asabu,cast net
asi,market
asi,wifen
asi,hand
asieke,nine
asigbe,market day
asisi,customer
asitsala,trader
asiwui,glove
asrafo,soldier
atadidi,trousers
atakpui,shorts
ati,tree
atiglinyi,elephant
atike,medecine
atike,drug
atikedzraƒe,pharmacy
atikedzraƒe,drugstore
atikeƒoƒoe,pill
atikeƒoƒoe,tablet
atikewɔƒe,hospital
atikewɔƒe,clinic
atikewɔla,doctor
atikpala,carpenter
atikpo,log
atɔ,nest
atɔ̃,five
atsu,husband
atsu,male
ave,forest
avɔ,cloth
avɔ,material
avu,dog
awutewui,underwear
atikedzraƒe,pharmacy
atikedzraƒe,drugstore
axlɔ̃e,mongoose
ayi,beans
azi,egg
azi,nuts
azɔ̃,now
ba ame,to cheat someone
be,to hide
bena,that
bena,to say that
bi,to burn
bia,to ask
bia,to request
bia,to demand
bia gbe,to question someone
bla,to tie
blaade,sixty
blaadre,seventy
blaasieke,ninety
blaatɔ̃,fifty
blaene,forty
blaenyi,eighty
blaetɔ̃,thirty
blaeve,twenty
blema,ancient times
bli,corn
bli,maize
blibo,whole
blibo,the lot
Blu,Twi language
Blu,Akan language
Blume,Twi speaking area
Blume,Akan speaking area
bɔ nya,to narrate
bɔ nya,to tell
bɔbɔ,to be soft
bɔbɔ,to be easy
bɔbɔe,easily
bɔbɔe,softly
Braɖa,Tuesday
bu,to calculate
bu,to reckon
bu,to lose
bu akɔnta,to render account
bu ta me,to think
bubu,respect
bubu,other
bubu,another
da,snake
dá akpé,to thank
da asabu,to cast a net
da dɔ,to treat
da dɔ,to cure
da gbe,to treat
da gbe,to cure
da gbe le ame nú,to cure someone
da tú,to shoot
da tú,fire a gun
daá,elder sister
bu,to lose
dadá,mother
dadáá,his mother
dadáá,her mother
dadanye,my mother
danye,my mother
dadáwo,your mother
dawo,your mother
de,to have been
de,to arrive
dè,native land
dè,homeland
dé,palm
de agble,to farm
de súku,to go to school
dehá,palm-wine
dekú,palm nut
denyígbá,homeland
denyígbá,nativeland
deti,palm-tree
di,to wish to
di,to want
di,to look for
dí vévié,to wish for strongly
dí vévié,to yearn for
didi,to be long
didi,long
didi,wish
do,hole
do,pit
do ame kpɔ,to examine someone
do ame kpɔ,to test someone
dó awu,to dress up
dó dzi ɖé ame ŋu,to trust someone
dó dzo,to set a fire
do gbe ɖá,to pray
do gbe na ame,to greet someone
do ɣli,to shout
do go,to go out
dó go,to meet
dó mɔ ame,to set one on an errand
dó ŋgbè,to promise
do ŋusẽ ame,to encourage someone
dó sɔ,to ride a horse
dó vɔvɔ~ ná ame,to frighten someone
dome,between
dome,among
dɔ,palm nut
dɔ,work
dɔ,job
dɔ alɔ~,to sleep
dɔ ame,to send someone
dɔ ɖe,to send to
dɔ wu ame,to be hungry
dɔdalá,doctor
dɔdalá,healer
dɔdɔ,sending
dɔlélá,patient
dɔlélá,sick person
dɔlélé,sickness
dɔlélé,disease
dɔme,stomach
dɔme le ame ɖùm,to have stomachache
dɔmenyótɔo,kind-hearted person
dɔnɔ,sick person
dɔnɔ,patient
dɔwɔkplɔ~,desk for work
dɔwɔkplɔ~,table for work
dɔwɔlá,worker
dɔwɔwɔ,work
dɔwɔwɔ,job
dɔwɔwɔ,working
du,town
du,village
duƒuƒu,running
dukɔ,a people
dukɔ,a nation
dumevi,citizen
dumevínyényé,citizenship
Dzama,German
Dzamawó,the Germans
dzatá,lion
dze,to buy
dze,salt
ɖa nú,to cook something
ɖasefó,witness
ɖa nú,to cook something
ɖasefó,witness
ɖe ame ɖe xéxé,to outdoor someone
ɖe dzɔ,to fetch fire
ɖe gbe ná ame,to command
ɖe gbe ná ame,to order
ɖe mɔ ná,to allow
ɖe mɔ ná,to permit
ɖe tɔmèlã,to fish
ɖe vi,to yield profit
ɖeɖi té ŋú,to be tired
ɖeɖitéameŋú,tediousness
ɖeɖitéameŋú,tiredness
ɖeká,one
ɖekákpùì,youth
ɖekákpùì,young man
ɖéké ... o,no
ɖéké ... o,none
ɖesíàɖe,every
ɖesíàɖe,each
ɖetugbuí,a young woman
ɖetugbuí,a girl
ɖeví,child
ɖevíme,childhood
ɖevitɔ,the younger one
ɖevíwù,children's clothe
ɖi,to be cheap
ɖi tsa,to go for a walk
ɖiɖiƒé,distant place
ɖó,to arrive at
ɖó aɖaŋu ná ame,to advise someone
ɖó ame fia,to crown someone as king
ɖó dze,to converse
ɖó nyà ŋú,to reply
ɖó nyà ŋú,to answer
ɖo ŋkeke,to set a date
ɖo ŋkú nú dzí,to remember something
ɖó tà,to go towards
ɖó tó,to listen
ɖó tó,to obey
ɖó ʋu,to travel by vehicle
ɖoɖó,order
ɖoɖó,arrangement
ɖome,underneath
ɖome,under
ɖɔ,dragnet
ɖɔ azi,to lay egg
ɖu,gun powder
ɖu fia,to reign
ɖú ɣe,to dance
ɖu nú,to eat something
ɖu nú,to bite something
ɖusí,right
ɖusí,right hand
nuɖusi,right
nuɖusi,right hand
ẽ,yes
égbe,today
égbegbe,nowadays
ékèmá,then
élabéná,because
ene,four
énùénù,often
énùénù,from time to time
énùmáké,immediately
énùmáké,at once
ènyí,eight
Éŋlèsime,English-speaking area
ésià tà,because of this
ésià tà,due to this
étèƒé médidi o,not long after
étèƒé médidi o,soon
etõ,three
etõlíá,third
etõlíá,the third one
etsɔ,yesterday
etsɔ,tomorrow
eve,two
Eʋeawo,Ewe people
Eʋedukɔ,Ewe nation
Eʋegbe,Ewe language
evelíá,second
evelíá,the second
Eʋeme,Ewe-speaking area
Eʋenyígbá,land of the Ewe people
Eʋenyígbá,Eweland
èwó,ten
éyàtà,therefore
éyè,and
ẽ,yes
fá,to be cold
fá,to be cool
fa aví,to weep
fa aví,to cry
fa avi vévíé,to weep bitterly
fa avi vévíé,to cry bitterly
fa dzidzɔví,to shed tears of joy
fáfá,cold
fáfá,cool
fáfɛ,cool
fáfɛ,cool
fe,debt
fé,to play
fèdzígbàlẽ,receipt
fefé,play
fefé,game
feféƒé,playground
fefela,player
fésrè,windows
fi,theft
fi fi,to steal
fi fi,to pilfer
fia,emperor
fia,chief
fia,king
fíã,to burn
fíá nú,to teach somebody
fiàfì,thief
fìàfìtɔ,thief
fìàkúkú,crown
fìàsã,palace
fíásémènɔlá,storekeeper
fíásémènɔlá,shopkeeper
Fíɖá,Friday
fiẽ,evening
fiẽ ɖó,evening falls
fífíá,presently
fífíá,now
fífíá,soon
fìfìlá,a thief
fífílaa,right now
fífílaa,just now
fò,elder brother
fòfó,father
fɔ,to collect
fɔ,to find
fɔ,to get up 
fɔ fú,to be pregnant
fufu,fufu dish
fùkpéɣiwó,hard times
fùkpéɣiwó,times of suffering
fuu,in large quantities
fuu,a lot
fùwɔwɔ àmè ɖókùì,worrying oneself
ƒẽ,year
ƒe atɔ sɔŋ,for five years
ƒe èwó nyé ési,since ten years
ƒlatsà,rough
ƒlatsà,coarse
ƒle nú,to buy 
ƒo,surface
ƒo ame,to strike someone
ƒo ame,to beat someone
ƒo ƒú,to pack
ƒo ƒú,to put together
ƒo nù,to talk
ƒo nù,to speak
fɔ fú,to be pregnant
ƒo ʋu,to beat a drum
ƒòè,younger sister
ƒome,family
ƒomèví,kind of
ƒomèví,type of
ƒu,sea
ƒú du,to run
ƒu tsi,to swim
ƒuta,coast
ƒuta,beach
ƒuta,shore
gã,metal
gã,money
gã,large
gã,big
gã,huge
gagbá,metal plate
gagbá,metal pan
gaké,but
gaŋkúí,eye glasses
gasɔ,bycicle
gatsí,spoon
gàwú la,more over
gaxɔ,prison
gaxɔ,jail
gazé,metal pot
gbã,to break
gbã,the first
gbã,firstly
gbã,first
gbaɖegbe,once upon a time
gbaɖegbe,long ago
gbadzaa,flat large surface)
gbadzɛ,flat small surface)
gbãtɔ,first
gbe,language
gbe,voice
gbe,day
gbé,to refuse
gbe dámà,green grass
gbe ɖeká,once upon a time
gbe ɖeká,one day
gbe má gbe,that day
gbedada,curing
gbedada,healing
gbedàdzò,healing juju
gbedàlá,healer
gbeɖé,never
gbedóxɔ,cathedral
gbedóxɔ,chapel
gbegblẽ,bad
gbegblẽ,spoiled
gbehà,swine
gbehà,wild pig
gbesíágbe,everyday
gblẽ,to spoil
gblẽ ɖé,to leave behind
gblɔ,to tell
gblɔ,to narrate
gblɔ,to say
gbɔ,to breathe
gbɔ,to return
gbɔ,to come back
gbɔ,goat
gbɔgbɔ,breath
gbɔgbɔ,spirit
gbɔgbɔ,ghost
gbɔgbɔvɔ,evil spirit
gé,to fall from a height
gé ɖé,to enter
geɖee,much
geɖee,a lot of
geɖee,many
geɖémèƒé,entrance
gegéɖéme,entry
gegéɖéme,entering
gli,wall
globoo,large and very deep
glo,to be crooked
go,gourd
gódóó,by all means
gódóó,usually
golo,sack
golo,bag
golo,pocket
gomelã,tinned meat
gɔme,under
gɔme,underneath
hã,pig
hã,also
hã,too
haɖé ... o,not yet
háfí,before
haho,communal
haho,common to all
hahodɔ,community work
hamènɔlá,member
háyá,to recover
háyá,to get well
he,reddish brown
he,light brown
he nú vɛ,to bring about
he nú vɛ,to result
he ɖo,to drag a net
he tó ná ame,to punish someone
hede nyuie,goodbye
hede nyuie,farewell
hede nyuie,safe journey
hɛ,knife
híá,necessary
híá,to need
kã ɖé nú dzí̃,to be sure
kã ɖé nú dzí̃,to be certain
kábá,quickly
káfú ame,to congratulate
káfú ame,to praise
kàkà ɖé,to spread over
kàkà ɖé,to scatter
kakɛ,a piece
kakɛ,a bit
kásíá,suddenly
kátã,whole
kátã,all
ké,but
ké,same
ké,sand
ké bong,but rather
ke ɖé nú ŋú,to find by accident
ke ɖi,to doubt
ke ɖi,to argue
ke ɖi,to compete
ke nu,open the mouth
ke nu,to say something
keke,to be broad
keke,to be wide
kèkè,broad
kèkè,wide
kemɛ,that yonder
kemɛwó,those yonder
kéŋkéŋ,entirely
kéŋkéŋ,completely
kéŋkéŋ,altogether
kèsìnɔtɔ,rich person
kétéke,train
klã,to part company
klã,to separate
kluvi,male slave
ko,only
ko alɔgbɔnui,to smile
ko nú,to laugh
kòkló,fowl
koklozi,egg
kokogblè̃,cocoa farm
koko-oko,at all costs
koko-oko,by all means
kóŋ,indeed
kóŋ,really
kóŋ,extremely
kosĩ,female slave
kòtókó,porcupine
kòtòkú,sack
kòtòkú,pocket
kòtòkú,bag
kɔ,to be without sin
kɔ,to be clean
kɔ,to be neat
kɔ,neck
kɔ,to be high
kɔ,to be tall
kɔ aha ɖí,to pour libation
kɔ ɖí,to pour into
kɔ gbe dzi,to raise one's voice
kɔ gbe dzi,to speak up
kɔƒé,cottage
kɔƒé,hamlet
kɔƒé,village
Kɔfí,boy born on Friday
kɔkɔ,high
kɔkɔ,tall
Kɔmla,boy born on Tuesday
Kɔsí,boy born on Sunday
kpa nú,to carve
kpakpaxe,duck
Kpalime,Ewe town in Togo
Kpando,Ewe town in Ghana
kpɔ,to look
kpɔ,to see
kpɔ ... o,never before
kpɔ ... o,never
kpɔ ame ɖá,to visit someone
kpɔ ame dzí,to look after someone
kpɔ dzidzɔ,to be happy
kpɔ dzidzedze,to succeed
kpɔ ga,to be rich
kpɔ mɔ ná,to look forward to
kpɔ mɔ ná,to expect
kpɔ nú duu,to look steadily
kpɔ nú dzí,to look after something
kpɔ nú gã,to look questionabli
kpɔ núblánúí ná ame,to have mercy
kpɔ núblánúí ná ame,to have pity on someone
kpɔtɔɔ,muddy
kpé,stone
kpé,rock
kpé,to meet
kpé ame,to meet someone
kpé ame,to invite
kpé ɖé ame ŋú,to help someone
kpé tà,to meet
kpéɖéŋútɔ,assistant
kpéɖéŋútɔ,helper
Kpédze,Ewe town in Ghana
kpékpé,heavy
kpekpeme,weight
kpétó,cave
kplá así tɔ,to embrace
kplé,and
kplé,with
kplefuu,foggy
kplefuu,greyish
kplefuu,misty
kplɔ,to lead
kplɔ,to accompany
kplɔ,table
kplɔ nú,to sweep something
kplɔlá,leader
kpui,low
kpui,to be short
kpuiƒé,nearby place
Krachi,name of a town
krànté,cutlass
krànté,matchet
kú,death
kú,to die
kú aha ná ame,to serve a drink
ku kɔ,to sling on the neck
ku tsi,to fetch water from a pot
kú,pill
kú,tablet
kú,seed
Kuɖa,Wednesday
kuku,hat
kúráá,quite
kúráá,fairly
kúráá,rather
kútsétsé,fruit
kútú,orange
kúvíá,laziness
kúvíátɔ,lazy person
kwasiɖa,Sunday
kwasiɖa,week
kɔsiɖa,week
kɔsiɖa,Sunday
lã,flesh
lã,meat
lã,animal
lãɖeɖe,fishing
lãɖelá,fisherman
lãdzráƒe,meat shop
lãdzrálá,meat seller
lãkɔ,lump of meat
lãkɔ,large piece of meat
lãme,within the body
lãme gblẽ,to be sick
lãme gblẽ,to be indisposed
lãme sẽ,to recover from illness
lãme sẽ,to get healthy
lãnyilá,livestock keeper
lãnyinyi,animal husbandry
lãtsòlá,butcher
lé,to hold
lé,to catch
lẽ,bridge
le así me,to be in someone's hands
le ɖoɖó nù,to be in order
lé dɔ,to be ill
lé nɔvísí,to cooperate
lé ŋkú ɖé nú ŋú,to watch
lé ŋkú ɖé nú ŋú,to observe
le tsi,to take a bath
légbà,idol
li,to exist
li,being present
lolo,large
lolo,fat
lolo,to be big
lòlò,large
lòlò,big
lòlò,fat
Lome,capital of Togo and the largest Ewe town
lɔ,to agree
lɔ ame,to love someone
lɔ ame,to like someone
lɔ gbe,to exchange greetings
lɔƒɔ,towards
lɔƒɔ,vicinity of
lɔƒɔ,direction of
lɔlɔ dzo,juju used for inducing love
má,that
má mɔ,to part company
má nú,to share
má nú,to divide
màmá,grandmother
màmáyɔví,grandchild
mamlee,rest
mamlee,last
mamlee,residue
máwó,those
Máwú,God
Máwúgã,Great God
mé,inside
mé,in
mé légbà,to model an idol
mé légbà,to mould an idol
mégànyé,it is no longer
mégànyé,it is no more
mègbé,back
mègbé,after
mègbé,behind
mi nú,to swallow
mi nú,to hold
miã,left
miabɔtà,left shoulder
mlɔ,to lie
mlɔ,to lay
mlɔ anyi,to lie down
mlɔ anyi,to lie in bed
mlɔétɔ,the last
mli,to roll over
mo,face
mɔ,road
mɔ,path
mɔ,way
mɔ,fortress
mɔ,castle
mɔ,prison
mɔɖeɖe,permission
mɔɖeɖe,permit
mɔkeke,holiday
mɔli,rice
mɔta,on the road
mɔta,on the way
mɔzɔzɔ,travel
mɔzɔzɔ,journey
mɔzɔzɔ,trek
mu,to fall
ná,to give
ná,for
nákè,firewood
náné,something
nánéké,nothing
né,when
né,if
nenémáké,in like manner
nenémáké,in the same way
nenié,how many
nenié,how much
núnáná,gift
nuŋlɔti,pen
nuŋlɔti,pencil
nuŋɔŋlɔ,writing
nusese,hearing
nusɔsrɔ,learning
nusɔsrɔ,study
nusrɔƒe,school
nusrɔla,pupil
nusrɔla,disciple
nutaƒe,studio of an artist
nutala,painter
nutata,painting
nutata,drawing
nutome,district
nutome,region
nutome,area
nutsotso,report
nutsotso,complaint
núwuwu,end
núxlɔame,advice
nuxlɔamenya,work of advice
nuxɔxlo,advice
nya,word
nya,matter
nya nú,to wash something
nya nú,to know something
nya nú,to be wise
nyateƒe,truth
nyateƒe,fact
nyateƒetɔe,truly
nyateƒetɔe,honestly
nyateƒetɔe,truthfully
nyi,cow
nyikpɔ,cattle ranch
nyinotsi,cow-milk
nyó dɔme,to be kind
nyó dɔme,to be generous
nyó ta,splendid
nyó ta,excellent
nyó ta,very good
nyó,beautiful
nyó,to be good
nyó,nice
nyɔnu,woman
nyɔnuví,girl
nyɔnuwu,dress
nyɔnuwu,woman's clothes
nyré,to sharpen
nyroe,maternal uncle
nyúí,beautiful
nyúí,good
nyúí,nice
nyúíé,nicely
nyúíé,rightly
nyúíé,well
no nú,to drink
nogo,round
nótsi,milk
nɔ,mother
nɔ,stayed
nɔ,lived
nɔnu tèƒé,to be present at
nɔnu tèƒé,to witness
nɔ agbe didi,to live long
nɔ anyĩ,existed
nɔ anyĩ,was
nɔ anyĩ,lived
nɔɖi,maternal aunt
nɔnɔme,shape
nɔnɔme,form
nɔnɔme,condition
nɔví,relative
nɔvínye,my relative
nɔvíwo,your relative
nù,mouth
nù,edge
nù,entrance
nú,thing
nú,matter
nú ɖeká,one thing
nublanui,pity
nublanui,sadness
nuɖala,cook
nudodo,clothing
nuɖuɖu,food
nuɖuɖu,eating
nuɖuƒe,restaurant
nuɖuƒe,dining hall
nuƒeƒle,buying
nufiafia,teaching
nufiala,teacher
nuƒlelá,customer
nuƒòƒò,speaking
nuƒòƒò,talking
núgbagbe,living things
núkà,what
núkàtà,why
nukpaƒe,carver's workshop
nukpalá,carver
nukpɔkpɔ,seeing
nukpɔkpɔ,sight
nuku,crop
nuku,seed
Pèkí,Ewe town in Ghana
pétéé,completely
pétéé,entirely
pétéé,altogether
príkú,mongoose
sàbálá,onion
sámà,summons
sámá,to summons
sẽ,to be strong
sẽ,to be hard
sẽ,to recover
se nú,to hear
se vevé,to feel pain
sẽẽ,a little while
sẽsẽ,strong
sẽsẽ,hard
sí,to run away
sià,this
síá,all
síá,whitout exception
siàwo,these
siká,gold
sikágbá,golden plate
sukli,sugar
sisí,escape
sisíƒé,place where one can escape
sisílá,a runaway
sowuiɛ,unbrella
sɔ,horse
sɔ pɛ,same as
sɔ pɛ,just as
sɔe,to be little
sɔe,small
sɔe,few
sɔgbɔ,many
sɔgbɔ,enough
srã kpɔ,to pay a visit
srɔ,spouse
srɔ,wife
srɔ,husband
srɔ nú,to learn
srɔ nyɔnu,wife
srɔ ŋutsu,husband
subɔ,to serve
subɔ,to worship
subɔlá,worshiper
suku,school
,
sukudede,schooling
sukudede,attendance at school
sukudeɣi,schooldays
sukudèlá,pupil
sukudèlá,student
sukuhátí,schoolmate
sukuví,pupil
sukuví,student
susú,thought
súsú,to think
tà,head
tà,top
tà,above
tà,over
tá,lake
tá,pond
tá,lagoon
tà le ame ɖum,to have a headache
tá nú,to draw something
taflo,board
takpexɔ,meeting hall
takuvi,handkerchief
tamebubu,thinking
tamebubu,thought
tasi,paternal aunt
te,yam
té,under
té,below
té,underneath
tédzí,donkey
tédzí,ass
teƒé,place
tegbee,always
tegbee,forever
tegblẽ,round
tegblẽẽ,round
tete,then
tete,and then
titina,middle
titina,center
titinasuku,middle school
titri,thick
to,buffalo
to,edge
to,bank
tó,mountain
tó,ear
tó,to pound
tó,to go over
tó ame dzí,through someone
tó ame dzí,per someone
tógbɔ bé,though
tógbɔ bé...hã,even though
tógbɛ,hill
Tógó ƒé dugã,capital of Togo
tɔ,river
tɔ,sea
tɔ,lake
tɔ,father
tɔ,to stop
tɔ,to stand till
tɔɖi,paternal uncle
tɔdzíʋú,ship
tɔdzíʋú,boat
tɔƒo,surface of water
tɔgbí,grandfather
tɔmelã,fish
tɔmelãdzrálá,fish seller
tɔsísí,river
tɔtrɔ,turning
tɔtrɔ,change
tɔtrɔƒe,point of return
tɔwòwó,yours
tɔwòwó,your relatives
tɔxɛ,special
trɔ,to turn
trɔ,too change
trɔ,fetish
trɔ ɖé,to turn to
trɔ gbɔ,to turn
trɔ gbɔ,to come back
trɔ mo ɖé,to face
trɔ mo ɖé,to look towards
trɔ ŋkúme ɖé,to face towards
trɔ vá,to come back
trɔ yi,to turn and go back
trɔ si,fetish priest
trɔ tɔ,fetish owner
trɔ xɔ,fetish hut
tré,calabash
tri,thick
tsa,to wander about
tsa,to go sightseeing
tsã,former days
tsã,in the past
tsa ŋkú,to look around
tsaɖiʋú,touring car
tsɛ,younger brother
tsi,water
tsi,to grow
tsí mègbé,to be late
tsí mègbé,to remain behind
tsí tre,to stand up
tsiƒúƒé,swimming pool
tsiƒúƒú,swimming
tsiƒúlá,swimmer
tsikɔ wu ame,to be thirsty
tsikɔ,thirsty
tsileƒé,bathroom
tsitsitɔ,the elder one
tsiwù,rain coat
tso,to fell
tso,to slaughter
tsó,to rise
tsó,to stand up
tsó,to come from
tso ame nú,to report someone
tsó ɖé ame ŋú,to rise against someone
tsó ɖé ame ŋú,to revolt against someone
tso du,to found a town or village
tsó ɣe má ɣi,from that time
tsó ɣe má ɣi,since then
tsɔ,to take
tsɔ,to carry
tsɔ dé así ... ná ame,to pledge
tsɔ dé así ... ná ame,to entrust
tsɔ ... ná,to give to
tsɔ ɖe le éme ná ame,to care about someone
tsɔ nú ke ame,to forgive someone
tsɔ nú ke ame,to excuse someone
tsɔ nú vɛ,to bring something
tsɔ yii,to take to
tsɔ yii,to go with something
tsɔlá,carrier
tsrɔ,to eliminate
tsrɔ,to destroy
tsyɔ akɔ anyi,to lie on the stomach
tsyɔè,to be pointed
tú,gun
tu,to close
tú agba,to untie a load
tu xɔ,to build a house
tume,back of the body
tútúútú,surely
tútúútú,exactly
tútúútú,definitely
va,to come
va ɖó,to come to
va ɖó,to reach
váséɖé,up to
váséɖé,until
váséɖé,till
váséɖé,arrival
vevé,pain
vévé,bitter
vevésèsè,feeling of pain
vévíé,important
vévíényényé,importance
vi,child
vidzi,baby
víé,little
víé,small
víé,few
vinye,my child
viŋútsuví,son
viŋútsuví,son
víví,sweet
víví,interesting
viwo,your child
vovɔvo,differents kind
vovɔvo,differents types of
vɔ,to be finished
vɔ,to be afraid
vɔ,sin
vɔ,wrong
vɔvɔ,fear
vu,fight
vuwɔdzo,fighting juju
ʋɔnu,trial
ʋɔnu,case
ʋɔnudrɔƒé,court
ʋɔnudrɔlá,judge
ʋɔtrú,door
ʋẽʋẽ,smell scent
ʋeʋesese,smelling
ʋli,to striggle
ʋu,blood
ʋu,to open
ʋu,drum
ʋu,vehicle
ʋuƒolá,drummer
wó,to burst
wó,to explode
wó,to bark
wó avi,to burst into tears
wó dòmètɔ ɖeká,one of them
wo ɖokuiwo,they're well
wo kata,all
wo kata,all of them
wo kple eve,both
wo kple eve,both of them
wodɔ,they're well
woe zɔ,you are welcome
wɔ,to do
wɔ,to make
wɔ,flour
wɔ atike na ame,to treat someone
wɔ aʋa,to fight a war
wɔ dɔ,to work
wɔ fu ame,to maltreat someone
wɔ kuvia,to be lazy
wɔ nɔví,to live in harmony
wɔ nú ɖe ŋú,to offend someone
wɔ nú veví ame,to hurt someone
wɔ vu,to fight with blows
wu,to kill
wú,to surpass
wú nù,to end doing something
wuiade,sixteen
wuiadre,seventeen
wuiasieke,nineteen
wuiatɔ,fifteen
wuiɖeké,eleven
wuiene,fourteen
wuienyi,eighteen
wuietɔ,thirteen
wúíeve,twelve
wuwu,killing
xa,by the side
xa,near to
xaxa,to be narrow
xaxɛ,narrow
xe adzɔ,to pay a fee
xe fe,to pay a debt
xe fe,to pay for services
xeví,bird
xéxé,outside
xéxé,outdoors
xéxéme,the world
xèxí,umbrella
xlɔ nú ame,to advise someone
xlẽ agbalẽ,to read a book
xlẽ agbalẽ,to read a letter
xlẽ nú,to count
xóxó,old
xóxó,former
xóxó,already
xoxɔxo,long ago
xoxɔxo,very long time
xɔ,house
xɔ,building
xɔ nú dzí se,to believe something
xɔ nú dzí se,to recieve
xɔ agbalẽ ɖe fe dzi,to taake a receipt
xoó asi,expensive
xoó asi,dear
xɔ da ɖi,to keep
xɔ da ɖi,to fall sick
xɔ da ɖi,to be infested
xɔ dzo,to be hot
xɔ dzo,hot
xɔ fedzígbalẽ,to take a receipt
xɔ ƒe,age
xɔ ná ame,to save someone
xɔ ná ame,to be famous
xɔ ná ame,to be popular
xɔ ŋuse,to empower
xɔla,saviour
xɔla,receiver
xɔlɔ,friend
xɔŋkɔ,famous
xɔŋkɔ,popular
xɔse,belief
xɔtùƒé,building site
xɔtùlá,builder
xɔtùlá,court yard
nududu,Food
nudada,Cooking
Nuɖaɖa,Cooking
Nuɖuɖu,Food
ndi nududu,breakfast
ŋdi nuɖuɖu,breakfast
ndor nududu,Lunch
ŋdɔ nuɖuɖu,Lunch
fie nududu,Dinner
fiɛnyi nuɖuɖu,Dinner
etsi,Water
Nyinotsi,Milk
ti,Tea
akodu,Banana
abolo,bread
atortor,pineapple
Mango,Mango
ené,coconut
adiba,papaya
Timati,Tomato
ebli,Maize
Bli,Corn
La,Meat
morlu,Rice
Mɔlu,Rice
ndonui,fish
Akpa,fish
tomela,sea food
kloklo,chicken
Koklo,chicken
kloklodzi,egg
Koklozi,egg
ayi,beans
tadi,pepper
Atadi,stew
detsi,soup
sabala,onion
ahazdraƒe,bars
